temperature,avg_pairwise_jaccard
0.0,0.8577777777777778
0.3,0.7991111111111111
0.7,0.6465555555555556
